"RT","Difficulty","Participant"
-1.20009355664394,-2.0488256967355,"S01"
1.11589180835509,-0.928430054185017,"S01"
-1.13811799885904,-0.581762191512953,"S01"
-0.689968051294326,0.833544680873715,"S01"
0.0454620446569071,-0.790867542678703,"S01"
0.44042155986634,0.533640595783296,"S01"
1.30237639637041,-0.830419171039206,"S01"
1.19975945487883,0.0940041785553457,"S01"
-1.67455648467242,-1.51025267090612,"S01"
-0.928588836478333,0.0483996893350121,"S01"
-0.411457234965421,-1.32148264471411,"S01"
-0.228554965003838,0.00686077219638792,"S01"
0.927334454436026,-0.876039707132527,"S01"
0.867436424101187,0.895321418289552,"S01"
0.522844193255202,-0.540787946258444,"S01"
1.23012671803748,1.09083091574717,"S01"
0.0657782776623954,-1.13736957188122,"S01"
1.0497217906443,0.631561561880037,"S01"
-0.0460722409266339,-0.298746690033509,"S01"
1.3518652666415,-1.26091975657052,"S01"
2.38994433913875,2.58018022649649,"S01"
-0.576076842586418,0.202700117857903,"S01"
-0.638056076304957,-0.12046575364749,"S01"
0.558058716674035,-1.38603157365413,"S01"
0.899301636101082,-0.559834325462913,"S01"
-1.00034924008796,-1.54686511982038,"S01"
1.91641919786344,0.982660953284984,"S01"
1.05915362543438,0.323168617103139,"S01"
0.0224941198165953,-0.610143261291394,"S01"
0.567501503889335,-0.873630049878883,"S01"
-1.13811155493929,-2.14335432646094,"S02"
1.84428860912142,-0.460145173845946,"S02"
-1.06580861946614,-2.06597090316194,"S02"
1.77853634589194,0.090913079728807,"S02"
-0.451133982061816,0.294701463858655,"S02"
-0.426410816371304,0.0415680176730605,"S02"
1.07467252116533,-1.63452931194658,"S02"
-0.523903743215241,-1.3795348216768,"S02"
-0.829419108660949,-1.96676155614342,"S02"
1.38652017897535,-0.17106492338634,"S02"
0.182828092461899,0.0782168770327601,"S02"
0.293015829802393,0.326396484573311,"S02"
1.46407287166685,-0.774292707150602,"S02"
0.646166526145721,0.959088532087293,"S02"
0.639132838161619,-0.835237469407529,"S02"
1.4953859783026,-0.924765497087748,"S02"
1.70563114146793,1.0269188238857,"S02"
1.9881734890569,0.430142360655336,"S02"
1.22327729280165,0.549494274452615,"S02"
0.874082369283049,-0.396138674850339,"S02"
1.68509342267863,-2.05346825847455,"S02"
1.05754000485733,-0.777714013879562,"S02"
0.927484771496523,-0.44037584272856,"S02"
-1.16059647571104,-3.14900873198153,"S02"
0.66592049488343,-0.184483676769886,"S02"
-0.915533937151996,-0.89554623423745,"S02"
-0.0145165037228502,-1.01741015182355,"S02"
1.54417966431703,-0.399986721010607,"S02"
1.02107039141172,0.325179018335424,"S02"
1.02836190735132,-0.452829936259078,"S02"
0.284768421909274,-0.389421465583373,"S03"
-1.38422687575614,-2.07222055649859,"S03"
0.673297427737928,-1.4182714990616,"S03"
2.05427310624295,0.0832062776656735,"S03"
2.55264482975798,-1.47326003704836,"S03"
0.0789666478115214,-1.71196519111426,"S03"
0.705739848764175,-1.01925792356344,"S03"
1.71177859927565,0.947811365233816,"S03"
0.781943136441443,-0.521061240383027,"S03"
-0.186002863771116,-2.0106194654648,"S03"
0.295707453701853,-1.80217862897978,"S03"
0.758234893698032,-1.39005403556895,"S03"
0.94946872113114,-0.116357799438387,"S03"
2.54929132101492,1.80327020837752,"S03"
0.0809730363554018,-2.36318561353221,"S03"
-1.05837942720339,-1.33987550782373,"S03"
1.35922997151899,0.160011892532748,"S03"
1.37429597290746,-1.23408847783155,"S03"
1.73319006742762,-0.0243525863519655,"S03"
2.18476574431779,-1.67524044049113,"S03"
1.17258679401388,-0.0706515446254546,"S03"
2.66660162687645,-1.48461197468833,"S03"
-0.398242310929308,-1.83530405468306,"S03"
0.240278779436988,-1.13412242791165,"S03"
1.03356160236951,-0.257055484079375,"S03"
1.14408910041899,-1.77818669867655,"S03"
1.31623567029582,0.813687059386424,"S03"
1.40313295426901,-1.29428356086411,"S03"
0.211125630626904,-1.27245753011479,"S03"
0.710670119338272,-1.11990305881773,"S03"
0.749021388910037,-1.36514608227213,"S04"
0.290018541355797,-2.57485677710901,"S04"
1.52741920785828,-1.55319674344437,"S04"
1.42124314871897,-0.649575268120513,"S04"
-0.0668789016138975,-1.59032142122338,"S04"
1.23596890905867,-1.54653993644444,"S04"
2.6488586075013,0.982987083044954,"S04"
0.122568644136787,-2.28382501844532,"S04"
0.624525833993923,-2.1667341971758,"S04"
0.020096056745851,-1.96922776892834,"S04"
-0.722633976624668,-0.874756617756055,"S04"
1.69897559487031,-1.71480687163201,"S04"
1.66250698315458,-0.190281680106648,"S04"
1.22403496686704,-1.70771809991466,"S04"
0.916472020425892,-2.71341979764094,"S04"
-0.305719760798066,-2.7323458501895,"S04"
0.945298508679247,-1.19682109937271,"S04"
1.21822128112716,-0.463957150990268,"S04"
1.88142566266669,-1.02864385280479,"S04"
-0.271093588116617,-1.33239401777956,"S04"
0.253150703021883,0.468759753890338,"S04"
2.20392603175189,-0.896027378297996,"S04"
1.12164680930637,-0.525304366987526,"S04"
2.56173788791034,-0.728317219506222,"S04"
2.495891173578,0.472911125218363,"S04"
3.01292384641001,-0.426266578330835,"S04"
2.38025585637363,-0.383946179145616,"S04"
0.937291534065012,-3.15502752501786,"S04"
2.41087889891809,-1.61166482564318,"S04"
1.80196812974751,-0.543535637873971,"S04"
1.48910738894868,-1.42775644343666,"S05"
1.89358847307083,-1.75948455493942,"S05"
2.11264826012173,0.253509291647328,"S05"
0.151805306483774,-1.74166482439729,"S05"
2.56132771831988,-1.92762291434043,"S05"
1.55854720728061,-1.71491167744803,"S05"
1.01423757002956,-2.5111687731999,"S05"
2.17309861390913,-1.62979416359924,"S05"
2.59981363243345,-0.672665032375175,"S05"
0.475183128477894,-2.62734392906912,"S05"
1.158170982828,-1.44849629538408,"S05"
1.27730368522037,-1.70224741093549,"S05"
0.728537448601901,-1.29000207297343,"S05"
0.343520893565981,-3.07173774592931,"S05"
1.47424513530403,-1.33922721413029,"S05"
1.83567920241815,-2.24274639622753,"S05"
2.98424331244946,1.29484558269804,"S05"
3.64727456457423,-1.45269370559004,"S05"
2.04691931468552,-0.12863436731898,"S05"
1.64766870553259,-0.259640910307782,"S05"
2.22134972961163,-1.98353935158385,"S05"
1.89666297203782,-1.51428965058448,"S05"
1.33906847155847,-0.06714723685402,"S05"
2.28730074138633,-1.31073818383048,"S05"
-0.794237517914192,-2.01550253395512,"S05"
0.4571802603293,-3.52173394282282,"S05"
1.14700418806258,-2.07591804528978,"S05"
-0.0580582100397344,-1.45996526951141,"S05"
0.451954786209087,-2.526111032204,"S05"
2.87885403450296,-1.12557119610721,"S05"
0.701685945141727,-3.65767705110032,"S06"
1.30374114790748,-3.28695924769402,"S06"
3.46541815873829,-0.993579253314056,"S06"
3.26110688011949,-1.81408174536294,"S06"
2.49906345593732,-1.88100340923488,"S06"
2.28170876008666,-2.71848769445073,"S06"
3.2991173551054,-0.449868228191316,"S06"
1.63969304089878,-2.5894557368534,"S06"
2.73906812174345,-1.50878182153221,"S06"
0.61333092102803,-2.74803169099166,"S06"
1.56788800249767,-0.771370888675358,"S06"
0.992210015331661,-0.648006035859341,"S06"
0.84105454135171,-2.81069570919885,"S06"
2.74861734051349,-1.40765212800504,"S06"
0.807384622379638,-2.14123869535643,"S06"
0.484808678328258,-0.786778424703036,"S06"
2.38137237945367,-0.901738950952053,"S06"
1.21462920635255,-1.58377816951538,"S06"
0.50586943248842,-2.66044996479014,"S06"
2.71696290372059,-0.335741626313287,"S06"
1.40177801023067,-2.0243157999527,"S06"
3.09135832489883,0.467287860788724,"S06"
0.951736852826831,-2.06881562976022,"S06"
0.0978921328688065,-1.78022881511358,"S06"
2.16652058420595,-2.49984595735596,"S06"
1.80211233603919,-1.63518617435664,"S06"
2.66318746655983,-2.39107343244004,"S06"
3.08711224879031,-0.710874807182844,"S06"
0.831851667406329,-3.34303093424815,"S06"
1.84171946704897,-2.31853983828416,"S06"
1.78289835432286,-2.78063251867978,"S07"
4.1897827879647,-1.45481300518942,"S07"
1.45315499627145,-2.20840482837864,"S07"
2.08308711519337,-2.34998310254852,"S07"
1.26475026577971,-2.25045251630937,"S07"
0.57520507264006,-3.2392286405188,"S07"
3.32001794011021,-3.48183876612287,"S07"
2.93777500643407,-0.931450505707965,"S07"
0.642622272258964,-2.67497525396705,"S07"
2.62792063374421,-3.04200708649678,"S07"
1.10082478700882,-4.05622508086368,"S07"
2.2703129730187,-2.88562294036766,"S07"
3.52256151498654,-0.637864561002911,"S07"
3.30034082854847,-0.70332404425876,"S07"
3.04384563646547,-1.58440517080303,"S07"
1.07123949222233,-1.7605589997618,"S07"
1.4750136050761,-1.71694595529547,"S07"
2.70665434698198,-2.11313152841081,"S07"
0.587140677302115,-1.31695991960439,"S07"
1.55779968220953,-2.78339393992727,"S07"
2.24292485234869,-1.74698600445259,"S07"
1.39005703956469,-3.45125630575426,"S07"
2.07413715846208,-2.9191133139242,"S07"
1.42205010212367,-1.57175606794114,"S07"
1.24266761258306,-3.15126346426561,"S07"
1.88916617577481,-1.64885314165039,"S07"
3.65114970248772,-1.14852550281935,"S07"
3.54107739086331,-0.237836872555941,"S07"
1.54006325932056,-2.79285179050954,"S07"
2.49375871793174,-0.359339171912022,"S07"
1.11076195500756,-2.21894643593025,"S08"
1.81953692052853,-3.51803036953938,"S08"
2.44640362239744,-2.22816315035334,"S08"
1.79334362735501,-2.92671105249543,"S08"
2.42155975729405,-2.43182244131389,"S08"
3.71330461348532,-2.55391330117698,"S08"
4.14382118563977,-2.20803825643777,"S08"
0.744013721987479,-4.62877678193708,"S08"
2.98726310544058,-3.78572554164057,"S08"
2.61902267845814,-2.28055016386536,"S08"
1.54211367037735,-2.41383506314463,"S08"
2.71808421117947,-1.72681737446875,"S08"
3.60491202544374,-1.77828495755486,"S08"
3.28300776501806,-1.58121555122585,"S08"
2.86453051739704,-0.647782502592491,"S08"
1.78189455727525,-3.49478200118488,"S08"
2.24493609233485,-1.8998072024133,"S08"
1.4660953964902,-3.76331586404013,"S08"
3.22625627216687,-0.920977500077093,"S08"
2.02157970629914,-1.87919097806052,"S08"
1.91642525074852,-1.37602423954761,"S08"
2.11545804356029,-1.48357666369718,"S08"
2.85718012617252,-3.54724511702572,"S08"
1.7594346876691,-3.80844642195964,"S08"
0.738373862840396,-2.66675531335335,"S08"
2.00395899173436,-3.05098091970458,"S08"
2.78710968685383,-2.79063140317755,"S08"
2.88013121186069,-2.01913788111243,"S08"
5.17530109425542,-0.421041577259698,"S08"
1.21418564272905,-1.94947397370967,"S08"
2.28075655625428,-2.74393039483072,"S09"
3.40999934037253,-2.26819358136066,"S09"
2.67419744610192,-2.92074102815479,"S09"
1.87967766891179,-1.90749030218718,"S09"
2.46027615436669,-2.21809208045643,"S09"
3.962715681263,-2.1668690524502,"S09"
3.68908404192779,-2.07018096934646,"S09"
2.19896424869403,-2.11436054621186,"S09"
3.29202932599235,-4.09730741436664,"S09"
2.69568463040881,-2.01981823031201,"S09"
2.59403089698692,-3.59393883863088,"S09"
0.254400427744805,-3.66754804800298,"S09"
4.65632959226611,-1.15880696761001,"S09"
2.89475796790225,-2.61977424857264,"S09"
3.6321685695216,-1.69263250987035,"S09"
3.97154883383554,-1.70063212471932,"S09"
1.82377323922829,-4.30240183463686,"S09"
2.68733259158457,-5.03103537627731,"S09"
1.94497740612214,-4.59380580844813,"S09"
2.23966491667634,-3.18693630032514,"S09"
1.27948280322642,-2.340982830974,"S09"
1.22701831464105,-3.89393701670536,"S09"
1.51563818385256,-3.23120022426942,"S09"
3.16715203291179,-2.4125138629405,"S09"
3.37784706306589,-1.63600658068114,"S09"
2.20601248191009,-3.44815200098927,"S09"
4.47533819238066,-2.34103475647377,"S09"
2.20740992405925,-1.44144579589452,"S09"
3.47393214390119,-1.62091144394831,"S09"
2.82779932388936,-2.55931983035315,"S09"
3.02259985156908,-4.64460764550235,"S10"
2.95951280268623,-4.56485840051665,"S10"
1.70948522419414,-2.7408453270007,"S10"
3.63573575746989,-1.36156904890802,"S10"
3.48679242322802,-3.61619921815053,"S10"
3.8370967155269,-2.77586897757352,"S10"
4.18032480309028,-1.37592158334594,"S10"
1.96343602987753,-3.24394287032021,"S10"
2.93389887470527,-1.93291424385729,"S10"
2.145882107957,-2.14737613902401,"S10"
3.91708889423112,-1.57644222342273,"S10"
4.61974338232065,-3.17594883721242,"S10"
4.79968022959576,-2.88650314929971,"S10"
3.36914086703035,-1.67693413347195,"S10"
3.06525052584362,-3.4050261715565,"S10"
3.33956775404903,-3.34552076603101,"S10"
4.30805934445747,-1.84636321363178,"S10"
2.42975100089656,-3.21443336244206,"S10"
3.31282948277491,-2.3913668096031,"S10"
0.966873614197228,-4.60894195098037,"S10"
3.14763015248501,-2.83624772581161,"S10"
3.09809591561321,-3.58311843417915,"S10"
3.46242491408839,-3.21570777856887,"S10"
1.75356662145306,-2.48369786098919,"S10"
3.6061920940324,-2.74354808465288,"S10"
1.08709520736346,-4.30260559947616,"S10"
2.02028510406927,-4.01246746242658,"S10"
1.80527826479058,-3.66815434730263,"S10"
2.18699627646306,-4.64445382155477,"S10"
3.82968576394051,-1.97841481318732,"S10"
3.03961627742348,-5.79501271996095,"S11"
3.85902213213541,-3.45264766243996,"S11"
3.13277844339197,-4.90888294437119,"S11"
2.48286618481364,-3.95824076015807,"S11"
2.532883952237,-2.71524582295431,"S11"
1.91456969561681,-4.6389926003661,"S11"
2.08789418409686,-4.01915179059944,"S11"
3.22315913603949,-3.19066446175049,"S11"
3.44476625654551,-2.70684760884685,"S11"
4.30168077640019,-0.847250979718396,"S11"
4.38247472223455,-2.56108915861765,"S11"
1.6718829502463,-3.24202009534728,"S11"
3.83707214623301,-3.81518972759737,"S11"
3.52043287252993,-3.34282313334699,"S11"
4.65129883819841,-2.10474535484143,"S11"
2.59215866085611,-2.98035611585771,"S11"
3.23607399052534,-2.78398301093221,"S11"
1.63853099026893,-4.41978525566897,"S11"
5.116293498777,-1.13733791439538,"S11"
4.11218798158594,-2.80454855830409,"S11"
2.3329131113308,-2.62957293617641,"S11"
3.40982484677311,-3.72364642323222,"S11"
2.61973579243491,-3.14484904297285,"S11"
1.60477172343905,-3.81879410150993,"S11"
4.59600270300138,-3.01962931199841,"S11"
3.33103829526512,-4.05847650266194,"S11"
3.97402642530363,-3.65260607364305,"S11"
3.19821357298882,-3.10830812198971,"S11"
4.5014109846809,-2.9318044485991,"S11"
4.65441885462638,-3.48749736114152,"S11"
2.97071782475038,-4.96041450964511,"S12"
3.78508269120291,-3.85303926388851,"S12"
4.52058280177241,-4.14204795874771,"S12"
5.45216069829949,-2.75510826596279,"S12"
2.01578791623738,-5.66671760776623,"S12"
2.49603453195788,-3.0632767465389,"S12"
2.73667865464171,-3.68486296784701,"S12"
2.80733789161378,-4.77821425366138,"S12"
3.64753823192817,-3.19384879256784,"S12"
1.97600702460995,-5.50213315940428,"S12"
1.60928274344144,-4.95403631238395,"S12"
3.07995648431058,-3.22351554361763,"S12"
3.65306199072531,-3.30111453284128,"S12"
4.33850174950801,-2.48856774331293,"S12"
3.9516400583296,-2.5617615412709,"S12"
4.35640985329171,-3.30734681001965,"S12"
3.26372341643762,-4.01618121904362,"S12"
4.92275585530077,-2.41190627954946,"S12"
4.20216290756359,-3.75117144334425,"S12"
4.35947648584357,-3.65067509494828,"S12"
4.43894679118586,-3.19253776889802,"S12"
4.54096346510787,-4.99217662918497,"S12"
4.1531733364849,-3.11000849280111,"S12"
2.49192186087968,-2.69894562847737,"S12"
4.11930666763668,-2.87182500940524,"S12"
2.28372558045366,-3.76977295880053,"S12"
2.72124189632277,-3.49605896389839,"S12"
4.92688328482784,-2.18657831163517,"S12"
3.83144954199967,-1.75288395421182,"S12"
4.34748776333482,-4.66327223632565,"S12"
4.21473607494325,-3.47901898495144,"S13"
3.3838230177131,-3.57578429957922,"S13"
3.64700732669528,-2.17741974657974,"S13"
3.71051172711975,-5.0986250139632,"S13"
3.46927255939681,-2.92854814502586,"S13"
4.50919266727845,-3.6554993117663,"S13"
5.29765643625051,-4.33831643699135,"S13"
4.58750234295791,-4.19901486299805,"S13"
4.06706495780259,-4.20986811783474,"S13"
4.16313863793739,-4.32164674321963,"S13"
4.97386372678022,-4.09047721684158,"S13"
4.34379393001075,-3.46683736552165,"S13"
2.45464619414472,-4.02439135250609,"S13"
2.25284201316129,-5.60446403453131,"S13"
6.54201663494724,-2.60336367457158,"S13"
5.15365876483507,-1.62670791287501,"S13"
3.13401264799304,-6.2097600796511,"S13"
2.5546620534803,-3.99637817229937,"S13"
2.83721687463643,-5.0665397286849,"S13"
2.6142621103094,-4.40382515146492,"S13"
2.72822765151073,-5.64099270379807,"S13"
3.86319495788745,-2.46250551867739,"S13"
5.12215188304944,-3.61067738656467,"S13"
3.96634562339281,-3.76071203427572,"S13"
3.68097283102447,-3.33826779942013,"S13"
3.43723860605895,-4.14303391738578,"S13"
4.72568007000629,-3.68821111788514,"S13"
2.86989413695867,-4.03213664569124,"S13"
3.96506055576797,-3.7003140148608,"S13"
4.73035298594969,-3.54666250958402,"S13"
5.08333497708131,-4.10982037704372,"S14"
4.37052647750916,-4.54638597730525,"S14"
4.31703745682676,-4.55540702307858,"S14"
2.75873594588323,-5.25259631933026,"S14"
5.05799235481316,-5.17471888486046,"S14"
3.88526381215457,-5.88105779127548,"S14"
4.72855583161746,-4.33227782235659,"S14"
4.25955641237929,-3.07201137357102,"S14"
2.51769429905623,-4.98565004567759,"S14"
4.81021397948912,-2.4899816793478,"S14"
4.13207820586421,-3.67527808793421,"S14"
5.12989748689375,-3.51325859621233,"S14"
4.71928756502717,-4.56122178891652,"S14"
4.16377126136103,-2.50803405307094,"S14"
5.83468202098762,-2.85122815576907,"S14"
2.97109518531412,-5.37150785056254,"S14"
3.32596378145925,-5.11299797706555,"S14"
6.28442145253362,-3.48986948741205,"S14"
4.81840885107557,-5.11028693603845,"S14"
2.96523226301287,-4.76468787558784,"S14"
4.5720098662337,-4.25160082370147,"S14"
4.69142719797826,-3.02165708106524,"S14"
3.1748745005386,-5.37146400081892,"S14"
1.73803671558746,-4.82684077059568,"S14"
3.84302817298786,-4.10461019195085,"S14"
4.72416686353751,-2.67574174298258,"S14"
3.39747186304088,-3.57522146811582,"S14"
4.17743506449439,-4.44916226285102,"S14"
5.12249584381218,-2.82785493313426,"S14"
4.42530429144967,-5.53756862236791,"S14"
4.84435528161583,-3.86883703567046,"S15"
2.65102904458461,-4.23561045305987,"S15"
6.37702388096063,-3.17681450143345,"S15"
5.84908100061159,-3.00228939167777,"S15"
3.27457899202809,-5.8980533406393,"S15"
2.63674534597414,-5.46762495501294,"S15"
3.04384617625547,-5.18443925841449,"S15"
4.40895002279816,-6.42494806278988,"S15"
4.21985174423405,-4.41295942961434,"S15"
5.89561856904634,-5.53691408667436,"S15"
4.9788267739462,-3.47539799143681,"S15"
4.71804418281983,-5.68641679293908,"S15"
5.99136567384256,-3.58357951439216,"S15"
4.2189397334731,-5.26341968121327,"S15"
5.52224325628398,-3.80869351092581,"S15"
4.81241216570656,-3.89691949628438,"S15"
5.16665081175593,-3.45485285141963,"S15"
4.49479570779827,-4.99089497891916,"S15"
3.66256652732993,-3.89998415324442,"S15"
3.63652971257702,-5.00328425892707,"S15"
5.45835344362801,-3.56924363790275,"S15"
4.89103966585856,-3.23002963743902,"S15"
3.72449307558799,-6.35453056085389,"S15"
4.7053409984837,-3.21454852162343,"S15"
4.03080985676421,-5.61075325952383,"S15"
3.5354414970755,-4.62683562764304,"S15"
4.07987351218421,-3.77689867479434,"S15"
3.52929456801195,-5.06179478741512,"S15"
5.17065239420045,-4.53519834587308,"S15"
5.47124638456311,-4.74823320224283,"S15"
4.97873495186587,-2.4287436351591,"S16"
4.54557081724982,-5.05821252253909,"S16"
5.14383300224813,-4.26559387958127,"S16"
6.353503602091,-4.50808982414066,"S16"
6.34160096008189,-5.25994435314675,"S16"
5.81057593405795,-4.41309640816463,"S16"
4.82730620019566,-3.43081104021095,"S16"
3.01546384287882,-6.78250863992012,"S16"
3.30010536516652,-4.900669140594,"S16"
4.18939880910691,-5.62282973803557,"S16"
4.9691780535367,-5.64939285164075,"S16"
3.94513958177741,-6.74871103272691,"S16"
5.57066277218615,-5.42208177438712,"S16"
6.99772872669136,-4.47070370494157,"S16"
4.67343065234157,-3.85125422450865,"S16"
3.82679138288648,-5.21184608612577,"S16"
4.87238845025945,-3.95678815309588,"S16"
5.92496022248024,-3.5331343314026,"S16"
4.14605670267908,-5.33831355166104,"S16"
5.60357734682302,-4.33988576294743,"S16"
3.70321943801638,-6.20500170269312,"S16"
3.50087831137065,-4.92924376377734,"S16"
4.62814549660458,-4.80538192360351,"S16"
6.01614365892777,-3.18577632747396,"S16"
5.18751353962514,-3.60403979313731,"S16"
3.50053625525876,-5.2060360649861,"S16"
5.58685333507017,-5.07238995777286,"S16"
4.25518349371234,-5.6587230944743,"S16"
4.2338516261596,-5.20302943736983,"S16"
4.35166746865055,-4.93776727978181,"S16"
4.01208418922051,-3.90371137132929,"S17"
4.00672514406719,-4.88617264513217,"S17"
6.43341802906221,-3.34926668544278,"S17"
7.20024671862259,-2.45252111564887,"S17"
5.18007021428805,-4.7916398687769,"S17"
4.8017930490513,-4.51589003609682,"S17"
5.25222719535854,-5.6759744528035,"S17"
5.20468910815863,-5.75933726186595,"S17"
5.70005490481056,-5.55034599958401,"S17"
4.46963931647443,-6.83283991928303,"S17"
5.00601074445917,-4.52444671839927,"S17"
4.87452355772673,-5.63425706347659,"S17"
6.51519531358107,-5.14578394924246,"S17"
4.76695122518363,-5.86119525397757,"S17"
4.57375097049846,-6.23824669939721,"S17"
5.73673232136084,-5.05792657252758,"S17"
4.32225619366042,-5.93606062250289,"S17"
3.90892003104819,-5.43358798668548,"S17"
6.1932659026139,-4.10490433221638,"S17"
4.04256053196287,-4.46419816204198,"S17"
7.82796340480066,-3.92836893263031,"S17"
5.68086153251519,-4.39739550915787,"S17"
4.78278478834859,-4.18483010138504,"S17"
4.72589065303154,-5.66968660351196,"S17"
4.5580129629734,-5.07113109041135,"S17"
3.65598911525263,-6.66276670193256,"S17"
5.23231730361241,-5.92153202125793,"S17"
5.53509077845566,-5.67325497036881,"S17"
5.01926948975838,-6.45371179943169,"S17"
3.78070531004223,-4.91901555348174,"S17"
5.30359680250758,-6.46317837944657,"S18"
4.95808952983521,-5.73324827765141,"S18"
6.53444922778934,-4.93144371987919,"S18"
4.81277368772701,-5.6628991784024,"S18"
5.28168616773724,-6.74131922628897,"S18"
6.87539127552231,-4.09323003590731,"S18"
6.19203013392765,-5.85145973804023,"S18"
6.56093530406902,-5.60701999020989,"S18"
7.10434243227584,-3.77414072656804,"S18"
4.31974505852061,-6.23945119660376,"S18"
4.65450170021124,-7.25636605171119,"S18"
5.37130568284608,-5.1282733281316,"S18"
4.48478411352932,-6.90833042770534,"S18"
5.58352292126543,-5.3685000518382,"S18"
5.7279292063558,-6.09424780266247,"S18"
6.75830904100346,-5.14545584159318,"S18"
4.87289581471662,-5.13715750945839,"S18"
4.72490870541419,-4.08750763588274,"S18"
5.32526354775136,-4.89581099153573,"S18"
6.49164095926599,-5.20968604024015,"S18"
3.63960398713675,-7.15189106765507,"S18"
3.60602773471066,-6.86452058554442,"S18"
6.64191237638156,-4.56671701315794,"S18"
6.08228161708849,-3.53516976747066,"S18"
4.79960440301395,-4.55746658057491,"S18"
5.0257846844469,-4.76379783062611,"S18"
4.7433078332705,-5.21479338039422,"S18"
4.7133081332568,-5.68520733308705,"S18"
4.01108378242855,-4.31273747654425,"S18"
6.79898413599452,-5.01897281518862,"S18"
5.11076198872133,-6.02834603887691,"S19"
4.79972195431781,-7.67011922035793,"S19"
4.56313422721003,-6.6267016750424,"S19"
5.92912782092015,-6.02040659930307,"S19"
5.1948374786334,-5.01058341420865,"S19"
4.80815836637421,-5.30334616384021,"S19"
5.59776390378789,-6.08548587495358,"S19"
5.24424284648867,-5.12903389428437,"S19"
4.15017867312496,-7.32412965398028,"S19"
5.92538576512185,-6.96475575213165,"S19"
6.16162618862396,-4.65005886904013,"S19"
4.17392080740862,-6.14098260866004,"S19"
7.07726218141564,-5.15733433030729,"S19"
4.43563354246888,-5.00720068795133,"S19"
6.22715131429006,-5.9420366052378,"S19"
3.94142399335846,-7.81743870511233,"S19"
6.07510130388955,-4.68846310250779,"S19"
5.58481442620939,-6.07024259121957,"S19"
7.80692507136621,-4.72646754757784,"S19"
5.21924730740668,-6.94435772861448,"S19"
6.65313125928541,-5.01828105620793,"S19"
5.93731023448049,-5.33877213670479,"S19"
5.99790259033818,-3.93839192823217,"S19"
6.29342314613755,-5.60742111133484,"S19"
6.56954337016352,-5.69957523932131,"S19"
5.26566285342697,-6.38404549193472,"S19"
7.88594941260747,-5.81040744883815,"S19"
5.43823902377031,-4.16876043133453,"S19"
6.17279449992554,-5.36505956372951,"S19"
6.75962444872681,-4.36179452915441,"S19"
4.35802160746238,-6.1678989650652,"S20"
4.82984562523342,-8.17015110172202,"S20"
5.5561938267717,-5.06571675139209,"S20"
6.37871184689987,-4.3943339095409,"S20"
6.45673747179666,-5.13108350102932,"S20"
5.78273321495337,-5.76904475631534,"S20"
4.99587523735952,-6.30120945265574,"S20"
6.99429953140232,-4.05524399936724,"S20"
5.13782737847929,-6.2079491950528,"S20"
4.71741444383501,-7.59337213189127,"S20"
6.75638579659007,-5.38979343447472,"S20"
5.3789746909884,-7.1905404208233,"S20"
7.09014112587707,-6.11761841539013,"S20"
5.76536366437913,-5.7580078026438,"S20"
5.38627119689374,-5.79663970053061,"S20"
6.48098937875955,-6.80497835397312,"S20"
7.52460032181896,-6.21454919950086,"S20"
5.05691211589922,-6.32739348598627,"S20"
6.56055411806737,-5.06275671969005,"S20"
6.04170985958892,-4.92815249730871,"S20"
7.23926534953217,-6.61370047006362,"S20"
6.07627041637884,-5.16663186793458,"S20"
4.62660729015244,-7.29698063899736,"S20"
6.55661693589092,-6.12015210324897,"S20"
8.57778860661829,-4.29636573071053,"S20"
5.01100980136357,-7.12688428788375,"S20"
6.65137634720653,-6.04939702220966,"S20"
5.28740033224065,-5.27470618746676,"S20"
7.08977284555244,-6.64081943178908,"S20"
5.63432962200814,-6.96792846534217,"S20"
6.57440155407524,-5.90503505370986,"S21"
6.41542151869616,-8.09351613637661,"S21"
6.16451302763694,-5.3289644411138,"S21"
4.96194234643613,-6.80000968867099,"S21"
6.61035243174817,-7.13198413075765,"S21"
6.85023457217283,-4.66272873255282,"S21"
7.83537050232162,-6.17775096363386,"S21"
5.93989322644942,-7.97114190609861,"S21"
4.48945391716705,-6.86337936617627,"S21"
7.18841198880632,-5.80912110937928,"S21"
3.36901334080729,-7.74340669189643,"S21"
7.26304422440271,-4.59224491908777,"S21"
6.67052734529646,-7.70024940428039,"S21"
6.01679139892047,-7.86488506128877,"S21"
5.28021452807513,-7.25908282820747,"S21"
6.643451541514,-5.91228743774912,"S21"
6.51667883362584,-6.18412193357774,"S21"
7.64314002635372,-5.00067747290976,"S21"
6.24215808364955,-6.63423126092332,"S21"
6.53018482424657,-5.43505588431541,"S21"
4.7503909631552,-5.77272086843585,"S21"
6.74992615007663,-5.99542420805675,"S21"
6.7559512197918,-5.99405736200692,"S21"
5.5600631931119,-6.99506835879335,"S21"
5.84557569453666,-6.12125336527376,"S21"
5.77704996629457,-6.81698349986191,"S21"
7.69654734608371,-6.36534911609909,"S21"
6.39786208185846,-5.68288418351642,"S21"
6.83994667914879,-5.32752550822141,"S21"
7.42148747354067,-4.85885910702863,"S21"
5.80068964769991,-6.57703594908424,"S22"
7.19944745178654,-7.77133891498868,"S22"
7.27401272330319,-6.29417024635393,"S22"
5.32651730192539,-6.73276824836296,"S22"
7.11506641868732,-6.56014362539324,"S22"
7.09624344964183,-5.87945391679346,"S22"
6.81021351514923,-5.70349381303159,"S22"
5.25972126570834,-6.85344699300729,"S22"
6.73238888296977,-7.02277294953184,"S22"
6.64279627464885,-7.75665580165414,"S22"
6.97104447382917,-7.28314509829423,"S22"
5.12019760328023,-7.36701874880305,"S22"
6.38471852338832,-6.8060590099682,"S22"
6.6772954366443,-8.28077301177299,"S22"
7.01242216195488,-5.08794983225715,"S22"
6.11071992944293,-5.45278640192504,"S22"
6.46881938718396,-7.82738001591199,"S22"
7.02984447976544,-6.20405780534208,"S22"
5.10124785433838,-5.90200421903873,"S22"
7.3066446849382,-6.40809805346893,"S22"
8.26370109377112,-4.67049117219529,"S22"
6.26506290151114,-6.98856841796258,"S22"
7.73464983739871,-5.83241434325974,"S22"
4.96052114556654,-8.29716389147947,"S22"
6.7239505557774,-7.73606670606534,"S22"
6.648856710379,-7.04742653756901,"S22"
8.83903237792265,-5.32608174028287,"S22"
4.94438660345306,-6.87083581208654,"S22"
8.25392172369321,-4.53539105354708,"S22"
5.92586558424097,-6.92500767056831,"S22"
4.75343712150885,-8.67814061902618,"S23"
7.67720772216838,-7.92359899689433,"S23"
8.41137293956189,-6.8182993181216,"S23"
6.36734633097016,-6.72265217296098,"S23"
6.21530449965091,-6.65211367169512,"S23"
6.79918487795531,-6.87472345425719,"S23"
5.47867869948977,-6.50178181123857,"S23"
7.69558594013212,-6.86056417832887,"S23"
7.86711809943453,-6.53862549178855,"S23"
6.92225799500323,-7.38777325431717,"S23"
6.95103276139342,-6.2666153070791,"S23"
6.71766618988438,-7.83791827636901,"S23"
8.3836438609187,-6.4666051713414,"S23"
6.6552039186111,-6.99189118255559,"S23"
6.98210715591044,-6.2273618509907,"S23"
6.50176786756954,-6.85161864891627,"S23"
8.15804300962492,-5.63750680018916,"S23"
6.97204393218175,-6.94561353649812,"S23"
6.13722681598252,-5.14864877068782,"S23"
7.51174178964988,-5.92282475161722,"S23"
5.83186072267077,-7.76439723088632,"S23"
8.27143262609114,-5.41410241122204,"S23"
5.50134998334803,-7.9485105057653,"S23"
6.21017101319356,-6.11879682356012,"S23"
8.3199839021694,-6.34137140319327,"S23"
5.55765703313255,-9.43412311738979,"S23"
7.93013963597479,-5.43608310765626,"S23"
6.74977348443312,-7.01582150245689,"S23"
7.66642608531673,-8.10971878406856,"S23"
5.80323398606811,-8.16219784892851,"S23"
8.57114366668962,-8.93401438965954,"S24"
7.84002938604627,-6.69261229823033,"S24"
6.47883230755372,-8.35879469336286,"S24"
7.38112328036357,-6.46640517123575,"S24"
9.1956748653018,-4.26084150781226,"S24"
6.12212019130758,-7.29606427780033,"S24"
6.65611001001557,-7.41478112193307,"S24"
7.38774083406514,-6.32101684369246,"S24"
6.80050366369146,-7.71741423887084,"S24"
8.08705517051641,-6.64131925942247,"S24"
8.09724724445294,-7.07796410840208,"S24"
5.60624397362696,-7.87405366496709,"S24"
5.54207143416243,-8.74223089968775,"S24"
6.62626879933693,-6.62821955163422,"S24"
6.92334059235415,-7.36572033349723,"S24"
8.13158357636439,-7.1546508035498,"S24"
7.34832583598243,-7.54000880540856,"S24"
7.72778002446017,-6.18945978079006,"S24"
8.76539419651278,-6.23542537314776,"S24"
6.54029285914903,-6.16967704004644,"S24"
5.33500322320687,-6.94586510854821,"S24"
5.89981782045943,-8.89431401835669,"S24"
7.61699171671188,-7.03905739105126,"S24"
7.19085392456295,-6.55900549298722,"S24"
7.43314269968817,-6.66934156291598,"S24"
8.40736762943493,-6.64855216208541,"S24"
7.25519526636169,-8.50285942476194,"S24"
6.69429964332034,-8.13919011115819,"S24"
8.18567074763726,-7.36710468979241,"S24"
6.15277541666311,-8.15403587519174,"S24"
7.94668788109047,-5.83126547643898,"S25"
7.47257772859197,-7.6992625633823,"S25"
7.84175833974628,-8.07093047732581,"S25"
7.63979414117569,-6.58064026926617,"S25"
8.06686809423064,-6.4424539086877,"S25"
9.09664482141086,-6.47034483626912,"S25"
8.67508990981349,-5.93019616070452,"S25"
7.3948752539194,-6.79224967344308,"S25"
8.53140603728095,-7.50997298812054,"S25"
8.45933144827368,-6.02684470722838,"S25"
6.77967576909542,-6.78836145397238,"S25"
8.13417289897954,-8.50735875682805,"S25"
8.97558694489041,-7.23549202024711,"S25"
7.24198812934438,-9.49370938370643,"S25"
5.90206118106763,-8.52559833137449,"S25"
7.93516945084176,-6.9249068050092,"S25"
9.14536659410661,-6.50234768965537,"S25"
7.82148104966786,-7.89846911473554,"S25"
6.61417006914017,-8.35623261339881,"S25"
6.9916639431064,-7.43302761602113,"S25"
5.66773018628093,-9.12333858002773,"S25"
6.86864345366136,-7.48525470655103,"S25"
8.12341374024532,-8.38348304680176,"S25"
7.49253785573711,-8.88580745146212,"S25"
5.91566256745562,-6.96200770804457,"S25"
8.05690461803387,-8.0296469711056,"S25"
6.97273399172495,-7.01681523527242,"S25"
7.52204583465977,-7.01064167774837,"S25"
5.93761719604962,-8.15403333478465,"S25"
5.77634087037785,-8.92930644238663,"S25"
8.20039539174163,-8.44842665580972,"S26"
9.28373497036888,-6.40002061432878,"S26"
6.15624658030801,-7.28223533276963,"S26"
7.28216834836501,-9.966900109333,"S26"
8.30397049222442,-6.37760785473456,"S26"
7.32665458216211,-8.0593213416734,"S26"
8.41458061124447,-7.30642951447808,"S26"
7.65950492235145,-9.31599588247726,"S26"
9.21167251014975,-7.61767518478161,"S26"
8.53440043767422,-6.53214734031714,"S26"
8.4983898992896,-6.3226806933798,"S26"
8.05024354668642,-8.16175296572025,"S26"
8.0613170241809,-8.03283337836071,"S26"
7.78649929129989,-7.64232117049923,"S26"
8.42728262601906,-8.22290987995084,"S26"
7.12097882015151,-7.01017467824263,"S26"
6.57855214381868,-7.65916880912391,"S26"
6.12683445753892,-9.12515973974517,"S26"
7.43811427265097,-8.20053212431758,"S26"
9.14807617308061,-5.91673725771032,"S26"
7.66378668358951,-7.5888241110801,"S26"
9.06000222733588,-8.13030353004303,"S26"
7.3993794002848,-7.7523898808727,"S26"
6.80475362820129,-9.57599887329112,"S26"
6.96953335930945,-9.09881015492083,"S26"
6.54684050822166,-7.71003622798781,"S26"
5.94519113147352,-8.6975563424401,"S26"
9.76730310526207,-7.43467875423251,"S26"
8.21383211212592,-7.04211521501086,"S26"
8.01976074288938,-7.36825638236734,"S26"
7.93814020834388,-8.95554615396499,"S27"
7.48137911440691,-8.89203942462557,"S27"
8.67588919220661,-6.98158208178214,"S27"
8.1064502528078,-8.30491979241858,"S27"
7.33757208115962,-7.69165239405046,"S27"
8.7396866630004,-6.93103560367987,"S27"
8.10084995815625,-10.6269433427369,"S27"
6.07665764715512,-8.86045671143596,"S27"
7.38259057402452,-7.37986408431366,"S27"
8.46321274846817,-9.22608917995021,"S27"
7.26153461484469,-9.14021696439784,"S27"
8.27135048510099,-7.28368924182249,"S27"
7.41351592679889,-7.60773970879389,"S27"
6.83532395704881,-7.67691977025607,"S27"
7.80009666495599,-7.9538840245364,"S27"
8.95624431962188,-7.22241703395351,"S27"
8.25516388045294,-7.98645885807796,"S27"
9.208610314678,-7.073007350272,"S27"
8.5570543064077,-6.94333494285444,"S27"
8.85379494260224,-7.64412089320769,"S27"
6.71191472371444,-9.21804857847149,"S27"
8.76452035439105,-8.69936290699676,"S27"
8.30779844481965,-8.814165935785,"S27"
8.19973992581079,-7.35441884960273,"S27"
6.64128505966115,-10.0827182810647,"S27"
11.2144211759331,-6.41446959570814,"S27"
8.450362495042,-7.39620486968599,"S27"
9.56707019436591,-8.34156509028901,"S27"
7.55595997348971,-8.64045550174014,"S27"
7.87180980053073,-7.65667283352539,"S27"
8.97041725621822,-9.55548820913416,"S28"
8.87389083761227,-9.55809779288841,"S28"
7.66459208605478,-8.90970160647028,"S28"
10.0983787525063,-7.22452913807408,"S28"
6.78808292114154,-8.84145337317841,"S28"
6.73937758000636,-8.29449783408677,"S28"
8.09687740139245,-9.03583537737262,"S28"
9.15474206839113,-8.64777089047399,"S28"
7.49795366714343,-9.83842311703588,"S28"
7.75017869231656,-7.93338496150716,"S28"
9.80699758443852,-8.37396342371307,"S28"
7.4556230684729,-8.14336921230444,"S28"
9.0786136252451,-6.64315390845261,"S28"
8.72179152494612,-6.10707706090428,"S28"
7.81755852632463,-8.59921431072823,"S28"
8.24586414804914,-7.17737887121856,"S28"
8.26649096352203,-8.35706834092579,"S28"
6.6712783535304,-9.47783934318944,"S28"
6.67310889129345,-10.3941681725975,"S28"
9.52400753828159,-8.01836256733518,"S28"
10.0181866320993,-7.29280128332852,"S28"
8.97006367743232,-8.07393285454446,"S28"
9.24504883876225,-7.83305554367624,"S28"
8.31999880823379,-9.24201108990158,"S28"
8.37140777068067,-8.30895623944288,"S28"
7.54554531637954,-8.43605504728885,"S28"
8.63688123375055,-8.23072295115761,"S28"
9.83429483496924,-6.84474945103219,"S28"
8.85238262481439,-9.44578414388371,"S28"
8.31036477599105,-9.16115388415315,"S28"
7.55093989067548,-9.49267863381719,"S29"
8.14155260262333,-11.024401397511,"S29"
9.23408957787382,-6.59060722854624,"S29"
7.74812461018124,-8.45678859998863,"S29"
9.36810685646807,-8.2269293878112,"S29"
7.61026175030127,-9.9435562471447,"S29"
8.56972394381381,-8.4786555351131,"S29"
9.51175533666924,-9.11579102217382,"S29"
6.22904863588885,-9.7093286876193,"S29"
8.42088947060451,-9.27452143990509,"S29"
8.87345021583747,-7.91201830797636,"S29"
8.73385045421765,-8.30519189322669,"S29"
8.64071176194675,-10.0380297221096,"S29"
9.3006672403045,-9.22722977449416,"S29"
8.7382653398954,-7.81922789008998,"S29"
8.5406875795159,-9.72811723042524,"S29"
8.81829591595068,-7.99807295454141,"S29"
8.87782499065022,-8.65369350144066,"S29"
8.22051701388378,-10.1824257142972,"S29"
11.2350115992733,-8.49655421343844,"S29"
8.53602441579597,-7.57089475012515,"S29"
7.36992116614845,-8.34864065721329,"S29"
8.57781068069847,-9.02266878168725,"S29"
10.7938333537423,-7.15970269493327,"S29"
9.70813354967595,-7.08665289321599,"S29"
8.358278511761,-8.36673973295013,"S29"
8.77066952359755,-8.73819054520865,"S29"
7.82118590611875,-9.25249850301304,"S29"
8.45352196573092,-8.9467862519667,"S29"
10.2468461401554,-7.83340580801642,"S29"
8.22705129773367,-10.4861073967212,"S30"
10.0522639742204,-8.72583320836827,"S30"
9.35258759918294,-8.56231348918802,"S30"
10.0889902416217,-7.96381726922302,"S30"
7.71769956947646,-7.23814544567318,"S30"
8.724315642705,-10.9765541529182,"S30"
8.72444732209126,-8.84783809648173,"S30"
7.83821203933981,-11.3025635413115,"S30"
9.0626378874969,-8.70619615177561,"S30"
7.98517488633996,-9.9949627856885,"S30"
9.61591200677667,-9.2800286942789,"S30"
10.5590153560819,-8.23381690022187,"S30"
9.50206711271966,-8.47639936735125,"S30"
7.04996049208147,-8.77106028140989,"S30"
11.2011842380127,-7.22441251666718,"S30"
8.23097584887186,-9.89546696284549,"S30"
7.6987362351167,-10.2329981008352,"S30"
9.42185786850643,-8.99256397392202,"S30"
8.86143718282355,-9.1229544151359,"S30"
8.87048903512627,-8.59522234668174,"S30"
9.15521265235821,-7.96339942929616,"S30"
9.38480057174035,-8.45140292409345,"S30"
10.6785215433092,-8.03167361305857,"S30"
7.42415890589281,-10.0056055424799,"S30"
8.64507553021587,-8.13603574537074,"S30"
8.90635026139391,-8.4043697511495,"S30"
10.3924189203114,-9.38625554403026,"S30"
8.82912198502055,-9.8068673475702,"S30"
8.87634477985755,-8.81863287356304,"S30"
8.92297901357493,-9.36650213268949,"S30"
9.33866369985479,-8.37216224494615,"S31"
8.75981531149152,-11.3715226312068,"S31"
9.91656642717529,-9.14915247008143,"S31"
11.0167669328525,-7.00671543236603,"S31"
7.8058160875371,-9.39175546025057,"S31"
7.92015208289388,-11.3158654611161,"S31"
10.3008620397319,-9.2920480530855,"S31"
7.90155919201956,-9.15880357495295,"S31"
9.76546212447712,-8.40694362850614,"S31"
8.73625927757922,-9.18627246310389,"S31"
9.53814464146111,-9.5525386298776,"S31"
11.2763835655627,-9.04843860398716,"S31"
10.4388839918091,-8.46494324545588,"S31"
8.82560192920539,-10.984544662666,"S31"
9.49009087812154,-8.62909865755259,"S31"
9.4717101908858,-9.88347178710834,"S31"
9.32523300032166,-10.3719250137289,"S31"
9.66945558769643,-9.12263330455479,"S31"
7.3822522625242,-9.5954089737117,"S31"
10.0282961405809,-10.3252655058301,"S31"
8.96793531662048,-8.34825865404747,"S31"
9.61666860909434,-7.59652118449518,"S31"
7.05328042611304,-10.5110447426944,"S31"
9.57727563688286,-9.78187824567163,"S31"
9.49669389556736,-9.31517424279041,"S31"
8.87678862715958,-9.65352639114159,"S31"
10.6468509454218,-8.6099297346436,"S31"
9.09740708398124,-9.00406427493298,"S31"
8.91354036796671,-9.04451281286221,"S31"
9.84558372741075,-8.50557991263179,"S31"
8.08731908152464,-9.87774115446532,"S32"
10.8839015240651,-9.93671917860735,"S32"
9.49621971786412,-9.58231037460587,"S32"
7.62557807364772,-10.930182709301,"S32"
10.6982517206063,-9.80682203262722,"S32"
10.1345929890136,-8.00009581649048,"S32"
9.93362108592968,-9.99452404735863,"S32"
7.73280038313002,-11.2544170759333,"S32"
9.5423652550141,-8.92323091472297,"S32"
9.72692725172014,-8.56234267648473,"S32"
10.0309001618403,-10.5194084462086,"S32"
9.56686041841989,-9.78253815765883,"S32"
10.0614824527618,-8.82645542409109,"S32"
10.2219151495375,-7.38536990511891,"S32"
9.57687727769571,-11.0540879677463,"S32"
9.5059711520763,-9.68235559227305,"S32"
9.12628854216102,-11.1217944759019,"S32"
9.16983569634589,-9.31550166012178,"S32"
11.186944032813,-8.99985573564636,"S32"
7.49294966493011,-9.65591104942168,"S32"
9.78784261397221,-10.2171042432888,"S32"
9.24622853910755,-10.3716910499361,"S32"
11.2875328427357,-8.66780017682178,"S32"
8.12814539297147,-10.4609542491191,"S32"
10.1450398240768,-8.30096487507112,"S32"
10.8636888604134,-9.25479266179779,"S32"
9.89538937159399,-7.69842490688252,"S32"
9.69580546966161,-9.63964524933137,"S32"
8.97624633475365,-10.448319454089,"S32"
10.1724791196167,-9.72863873887703,"S32"
9.59337027209725,-9.89104844377392,"S33"
8.42317101094858,-9.99172242572943,"S33"
10.2546905063619,-11.5333484676007,"S33"
9.7586969461336,-9.20322415655974,"S33"
9.01094167771934,-10.8991099736517,"S33"
9.5343118328561,-10.713325770048,"S33"
10.6215542841558,-8.51754660536557,"S33"
8.94617088705994,-11.1333026369332,"S33"
11.8127528344629,-9.87196466959236,"S33"
12.3732155848196,-8.14763226543425,"S33"
10.1241884574683,-8.74361876677059,"S33"
9.41031466198802,-7.99229901684163,"S33"
10.6796967133751,-9.6090208413723,"S33"
9.33654969352432,-10.1901322852252,"S33"
9.99401123371575,-10.1957760445058,"S33"
8.74195676676417,-10.2914476708988,"S33"
11.8718202537117,-8.5642649884357,"S33"
9.22991476063709,-10.2049197375067,"S33"
9.81161729575677,-10.2126578192643,"S33"
8.46739033890087,-9.82216202157369,"S33"
10.7910568000017,-9.37005946346379,"S33"
10.3157092395537,-8.17556813249198,"S33"
9.6306297474646,-11.1954502160827,"S33"
10.0034371037361,-10.3760724325314,"S33"
10.2726957920684,-9.54504640521512,"S33"
10.364901178793,-10.9263195747952,"S33"
10.425754830681,-9.41971018777827,"S33"
9.80811307206112,-10.9998499035352,"S33"
8.02641456763368,-11.4854601807688,"S33"
9.36495165554957,-9.77793889625402,"S33"
11.0743412683393,-9.24503281473783,"S34"
10.015141016163,-11.359334487262,"S34"
9.55482659683483,-11.135354597435,"S34"
9.29685459658295,-10.4888540499634,"S34"
11.0050780457,-9.70608996706066,"S34"
8.26640611268335,-11.4006899576736,"S34"
10.1169914157847,-9.96825111158682,"S34"
9.36634804039876,-11.9382047469191,"S34"
11.3578135019855,-8.35787286812034,"S34"
8.96591639393522,-11.1873256466504,"S34"
10.3543366101669,-10.2758589473431,"S34"
10.5120621726749,-10.7635398088548,"S34"
11.3740260421553,-10.8086286328981,"S34"
9.23683403148166,-11.1924383817578,"S34"
8.43751162108984,-11.5846857122318,"S34"
9.64966602694574,-8.54601605881236,"S34"
11.4159097314628,-11.3904432858191,"S34"
10.6455374450381,-9.34581466252737,"S34"
11.9586587934495,-8.83408683302749,"S34"
9.98655532554431,-10.4594978591991,"S34"
10.2338427701456,-10.0302330961519,"S34"
9.47001556353036,-9.71452387442052,"S34"
11.1481162449533,-10.1894820083489,"S34"
9.64326038254456,-10.1940233679729,"S34"
10.5738659822019,-11.1642505378795,"S34"
9.03224412760528,-9.22213392438354,"S34"
9.73820141644509,-9.60560656356955,"S34"
12.2617695350862,-8.37379993449075,"S34"
11.0022854958901,-9.66624037781588,"S34"
10.3055836931811,-9.85168588508644,"S34"
8.52851352574862,-11.5053274971421,"S35"
11.2375087692396,-11.1492547358141,"S35"
10.0909922738099,-10.5958359633126,"S35"
10.8131647364422,-9.07891398301289,"S35"
9.77402283701106,-11.8418416144792,"S35"
10.7836397429955,-9.31928147730667,"S35"
11.8910999428486,-10.6648431508856,"S35"
10.4620994752281,-10.2404594953513,"S35"
10.5132556532759,-11.283559310091,"S35"
11.2418114135162,-9.3837680538105,"S35"
11.2595554758676,-10.1373727739355,"S35"
8.73530352640577,-12.7261537972127,"S35"
9.74747076372836,-9.06147166863103,"S35"
10.9881261218766,-9.96970827297712,"S35"
10.8414277049974,-10.3453099805945,"S35"
9.34382884460242,-12.5695094340478,"S35"
12.6927549745989,-9.0260448785686,"S35"
9.86262871186718,-10.4394738076366,"S35"
9.43412245821953,-10.2591589124825,"S35"
9.73122004602374,-11.3350102639003,"S35"
11.048935745252,-11.0032750764112,"S35"
10.0557178922619,-9.2207215783462,"S35"
12.2831797509941,-10.1970986276215,"S35"
11.811962951295,-9.78492744963226,"S35"
9.99432222411268,-11.0454339778959,"S35"
10.6489367770209,-10.0088389331699,"S35"
9.32906473610963,-11.612668924028,"S35"
11.5211161660668,-11.1703836044548,"S35"
10.2216113589421,-10.5215276322125,"S35"
10.1126053996418,-9.50282512503522,"S35"
10.457938376461,-10.4545935862234,"S36"
9.8313236886907,-12.7374404525472,"S36"
10.8005527224135,-11.8140385669296,"S36"
11.1475349327989,-10.3731168294202,"S36"
10.1148770437727,-10.5973037546494,"S36"
8.90039213096191,-12.1335657719415,"S36"
12.1167784954898,-8.55529428860583,"S36"
12.5098636041827,-9.6890705722501,"S36"
11.738503175075,-10.3877018928136,"S36"
11.1796641492242,-10.7847521901787,"S36"
11.1391616604364,-11.4573936354166,"S36"
9.50481891165077,-9.79612088665703,"S36"
10.2090195460557,-10.3646094891792,"S36"
10.8303297639848,-10.9460018283696,"S36"
11.2282936921191,-9.81946511250667,"S36"
9.27743177102353,-11.0782464995276,"S36"
10.4560916750509,-12.7903944333396,"S36"
12.2378869204827,-9.34072876723129,"S36"
11.5778364159576,-11.8129481683013,"S36"
12.1971089324161,-11.0916941124838,"S36"
9.76751567801181,-11.7029961740774,"S36"
11.3821887897346,-10.0797282335541,"S36"
9.40283731203015,-11.9057610954402,"S36"
12.5897893060041,-9.37957135221983,"S36"
11.5598921041046,-11.3964843149694,"S36"
9.92509231173951,-10.2344641297371,"S36"
10.5876972655929,-11.3995156174749,"S36"
10.8477488974093,-10.8274390734629,"S36"
10.0165977755569,-10.5160743077518,"S36"
10.465232951568,-10.5334848627402,"S36"
11.928780247364,-10.2117750911936,"S37"
11.1523665325594,-10.8783030967836,"S37"
10.2240206935491,-11.3746683478139,"S37"
10.9241070968197,-12.6780524613886,"S37"
9.48144379480446,-11.5829880372276,"S37"
12.3567999661868,-9.98457530911469,"S37"
9.80278593263612,-11.9334188166352,"S37"
13.0861899705735,-10.6747766712368,"S37"
11.3435805766277,-10.7667354838512,"S37"
10.1403588825747,-12.0805213573216,"S37"
10.5686459734665,-10.8996420701133,"S37"
10.834695309098,-11.1640470486658,"S37"
9.59196295004265,-11.8806205062449,"S37"
12.6640221606083,-8.23664288286221,"S37"
10.9482053516953,-10.571308542791,"S37"
11.1136587079579,-9.39122286301266,"S37"
11.7373833758858,-10.3462462965587,"S37"
11.460284222903,-11.6595217293593,"S37"
10.2062217682194,-10.5315660238873,"S37"
12.8776124152722,-10.614970406828,"S37"
11.7203177432356,-12.5098113929289,"S37"
10.540441820132,-11.7540172782799,"S37"
11.5673368300161,-11.904278503106,"S37"
10.8391041547027,-10.9805369062632,"S37"
10.0992403764038,-11.0666227286283,"S37"
12.5509011885573,-11.1078497438053,"S37"
11.6545939343349,-11.9104203614054,"S37"
11.5758190144908,-9.80576328518827,"S37"
10.2152876248033,-11.6896092888365,"S37"
9.79383138447908,-12.8094874686683,"S37"
11.6156691308975,-9.96913154664046,"S38"
9.88713116736739,-12.0129269209428,"S38"
12.0760698458712,-9.98735610157946,"S38"
10.5869310014978,-11.2232475535674,"S38"
11.3281021999746,-12.4468587136479,"S38"
11.1279205058236,-11.6784384436603,"S38"
12.4923234299352,-10.6259744147394,"S38"
9.89329162004984,-12.9681469907851,"S38"
10.3027022796465,-10.7639220600008,"S38"
12.4692369287471,-11.4177206600532,"S38"
11.3434648594344,-13.2583767853708,"S38"
11.1838973261787,-12.2780283206064,"S38"
10.5150538404413,-11.2105024589672,"S38"
11.9822646989191,-12.3950086552849,"S38"
9.47430474942422,-11.0023282014556,"S38"
12.849902730305,-10.3495214904879,"S38"
10.4727964147377,-11.1672794301388,"S38"
10.1645376269402,-12.0439662702858,"S38"
13.318655764383,-10.3241841370527,"S38"
11.1888765320086,-11.2445620584464,"S38"
13.1483808947996,-8.77597260892313,"S38"
12.0359879669801,-11.5274851090787,"S38"
10.8177616415807,-11.6144193927174,"S38"
11.1982307701095,-11.7861079096599,"S38"
12.0638244750365,-11.6730870875708,"S38"
11.1724464523843,-12.7270081533775,"S38"
12.7322427012646,-10.1298241755935,"S38"
11.8137830458784,-11.2380173697415,"S38"
11.7470146623045,-11.7242508519099,"S38"
10.9971947370791,-12.4363461277143,"S38"
11.792132074771,-11.5231175072734,"S39"
12.317465147887,-12.9164245896979,"S39"
10.9533366468931,-13.1952816447404,"S39"
12.0849381103297,-10.0322841109935,"S39"
12.8568448258551,-10.5007117385367,"S39"
12.1647544937706,-11.4483208296771,"S39"
9.7882308275839,-13.0634417048709,"S39"
10.5458416002628,-12.5283567682059,"S39"
12.5618613699526,-10.5675726485877,"S39"
13.2782235306945,-10.5983173230856,"S39"
11.953600605115,-11.7163704380603,"S39"
11.6489424514698,-11.2963223551501,"S39"
12.4204023740342,-12.4227319414399,"S39"
9.75615418318393,-13.9676650037239,"S39"
12.5433839911219,-10.8584984006792,"S39"
11.0320194368125,-11.0757935529834,"S39"
10.0386674136091,-10.5313513896337,"S39"
12.1615786102267,-12.5253692764656,"S39"
13.1456291526835,-9.81239948468978,"S39"
12.0886077602716,-11.765970662586,"S39"
12.4807662162562,-11.9763015220447,"S39"
11.7481949999834,-12.4448492555702,"S39"
11.5077865686397,-11.8447544806843,"S39"
11.5793329674282,-11.4734109214521,"S39"
12.6749559480114,-11.9231034792103,"S39"
10.3971992977944,-12.6817655484495,"S39"
11.5713424328121,-12.1952887761169,"S39"
10.0671199763656,-12.0896065770773,"S39"
12.7273946289748,-11.4178892590614,"S39"
11.1132923572057,-10.6067288092522,"S39"
11.6191393882321,-12.5791487026072,"S40"
12.4381514181287,-12.042702556364,"S40"
11.7243153495315,-13.1215307612559,"S40"
12.994688979421,-11.5898369922795,"S40"
14.650010395296,-13.0767462955636,"S40"
11.0820362786342,-12.8573932709367,"S40"
13.0684308376849,-10.9937992969372,"S40"
13.2392553129683,-10.367346658526,"S40"
11.5914533635171,-11.4045061385426,"S40"
9.24414443972611,-13.5864547989218,"S40"
11.7854729123554,-11.6883170781264,"S40"
12.1131644445528,-12.2032863179109,"S40"
12.0788152328592,-10.6858898735309,"S40"
13.5376738589546,-10.2423941205275,"S40"
13.0655353680182,-11.9400637068897,"S40"
12.0103765528689,-12.0184946963271,"S40"
11.6500625644989,-12.3308102908198,"S40"
12.1377422216626,-11.1191269378435,"S40"
12.3301342429585,-10.9075096816539,"S40"
12.3906690508089,-12.5208961030795,"S40"
12.072524508864,-11.4900214146099,"S40"
10.8823621963432,-13.8268696655901,"S40"
11.6000354655534,-11.1554853362104,"S40"
12.2086682712407,-11.0716396435603,"S40"
11.2133995277616,-11.8682143015423,"S40"
11.3397535061522,-12.9395984892703,"S40"
10.3613582679961,-13.7100966154106,"S40"
11.7307242891433,-11.060836038446,"S40"
12.0655179692291,-12.3984988361852,"S40"
11.7743837850385,-13.2024853805312,"S40"
